endpoint,endpoint-url,parameters,plugin,entry-date,start-date,end-date
607eb93bad47b5d4ea3364ec0fe4c4ce09d9e83674cceb559ccd0faf40c935db,https://raw.githubusercontent.com/digital-land/developer-contributions-collection/main/data/contribution-funding-status.csv,,,2021-03-25,,
05762a3af6634daaa28f3f0c1480b40db9d965c5b798361602ee9b86d4a84490,https://raw.githubusercontent.com/digital-land/developer-contributions-collection/main/data/contribution-purpose.csv,,,2021-03-25,,
70d55954062f43e5c3b725f3e67f97d72b9c61e3cec53e80b54f522f7ccc8d75,https://raw.githubusercontent.com/digital-land/developer-contributions-collection/main/data/developer-agreement-type.csv,,,2021-03-25,,
675f65fd59ba990515e78f92aaf5394fa9442c2a6af1e4f99882ff953279f474,"https://www.adur-worthing.gov.uk/media/Media,158841,smxx.csv",,,2020-12-21,,
2949face1bcd597baade64dbc4dcda33805a4ea2b8b89105d298013932f2be3d,https://www.ambervalley.gov.uk/images/documents/planningobligations/developer_agreements.csv,,,2021-01-11,,
23700b00504d0ebbd20d642feb6c18a8168192ef932060ac148c612ae385a8e0,www.ashford.gov.uk/developer-agreements,,,2020-12-22,,
091d167efbcfaf8dac1461915dafc485344fa67890db984f63e9d70cdc49a71e,https://www.bolton.gov.uk/downloads/file/3208/developer-agreement-20201216,,,2020-12-23,,
baf92f29405c1a04cfb25818fa531d05b29ece1000067f5fee9e855e0969cc24,https://www.mybostonuk.com/wp-content/uploads/2020/12/developer-agreement_20201217.csv,,,2020-12-22,,
9e811475516670a7f1da1c46472219a07e6ef387d183d49d52bbb43fcc0b2811,https://www.braintree.gov.uk/downloads/file/2961/developer-agreements,,,2021-01-04,,
b15edd86367e6636e0f485d4a7d538ab0512dad67b7eb1505854177d2f67a150,https://www.broxbourne.gov.uk/downloads/file/1303/developer-agreements,,,2020-12-22,,
9926ea3636ef34f766224941b63f631c1b69650a90c74168770317910c128564,https://www.charnwood.gov.uk/files/documents/developer_contributions_2019_20_3/Developer%20Agreement%20CSV1.xlsx,,,2020-12-23,,
910e422ddd3431a329371268bfcade444c7f56188295f21b36fe5fb67b17032d,https://www.cheltenham.gov.uk/download/downloads/id/8302/developer_agreement_csv.csv,,,2021-01-04,,
d4a0f3d0aca376b252ee34333f42c335a97c158c79278ecceb82a7da1b21979d,https://www.cumbria.gov.uk/elibrary/Content/Internet/535/18042/44195115025.csv,,,2021-01-04,,
5fcc24c20580a5ad333bd285630ab5da984a5aa176e94e2a02eee8168323634b,https://cbccrmdata.blob.core.windows.net/noteattachment/CBC-Fees-and-charges-Developer-agreement-Developer%20Agreements_20201202.csv,,,2020-12-16,,
1f308e57f0b323eab3a7525fd33a92974ab6b4916b68e2d04472b40aaba32456,https://www.copeland.gov.uk/attachments/developer-agreement,,,2020-12-18,,
2398916e652311c83f7d73136018b4c67eba0d5b02bc26289822daf7511a084c,https://cdn-eastherts.onwebcurl.com/s3fs-public/2020-12/East%20Herts%20Council%20-%20CVS%20File%201%20-%20developer-agreement_20200921.xlsx,,,2020-12-16,,
0f37f19b0d3d5eb42ddb18862639cf23cf1456963ab264a37710b8ebb0c8526e,https://epsom-ewell.gov.uk/sites/default/files/documents/residents/planning/planning-policy/community-infrastructure-levy-cil/developer-agreement.csv,,,2021-01-11,,
e38bfe46143d42ec996fbe99add19c7ed136f2dee12c192edbc85b2211f8ce73,https://www.erewash.gov.uk/images/Planning_Policy/developer-agreement_20201217.csv,,,2020-12-22,,
3992959d38f1c2642f75c91bbbad68c992a065ec50e02ba690ac8f4b711a8269,https://eryc.link/developeragreements,,,2021-01-04,,
23edc40c94663cc5c9870d29874115735a5ffae8f111ae3741692452b5a422a7,http://www.eaststaffsbc.gov.uk/sites/default/files/docs/planning/planningpolicy/developer-agreement.csv,,,2020-12-22,,
cd53aa90239d7fab29538bd27572a14ef5d617b08f5eb02f5bd4d07c787baa5b,https://www.gateshead.gov.uk/media/23679/developer-agreement-20201021/excel/developer-agreement_20201021.csv?m=637438037896670000,,,2020-12-17,,
9f4b02fe50875efa7ed82f5205a36b98b81d66310d5ffb3987f64fe6155ed83b,https://www.gloucester.gov.uk/media/4792/developer-agreement_20201209.csv,,,2021-01-04,,
afa0b3273bbb7e19c233af9c5dd16bbcbf4091ba69e1909e5a840e3586668f0b,http://www.gosport.gov.uk/developer-agreement,,,2020-12-29,,
92c6e28bf2b1867dbffcfbf86ed9b47d1a179b85673059b9187d9344ef7ea55d,https://www3.halton.gov.uk/Pages/planning/pdf/registers/developeragreement.csv,,,2020-12-22,,
149717df07e34cc9c63a17bd78c12752d7d67d606413d8dc232c86958b814218,https://lbhounslow.sharepoint.com/:x:/s/InternetLinks/pp/EeNiRt0q4HxNl91silJ0ZnoB7ZHNNnNDJZGbXybX_Rc2Zg?e=2pqqFr,,,2020-12-22,,
6fb30c974f37f266c3947079dd9c3eb60c0cb1eaa550c4a27b1ea2886efd6a6a,https://www.hertfordshire.gov.uk/developer-agreement,,,2021-01-04,,
0a9a3c4904e8eb53d4e6dc90ab208b93209c930e3a1ef2d3ed9f903c3ef7f482,https://www.iow.gov.uk/PlanningObligations/Download.ashx?type=Extract&extract=Agreements,,,2021-01-04,,
b5e608b9364ce909230c24e4a3230c04bb0fb094a07c4879fcfd9c38a6a05e60,https://www.islington.gov.uk/developer-agreement,,,2020-12-24,,
bc0800197b172da0af614ad9953ccffd120fd871ce7c3a92bab785f6769ab1dd,https://www.newark-sherwooddc.gov.uk/media/newarkandsherwood/imagesandfiles/business/pdf/S106%20developer-agreement_2020331.csv,,,2020-12-23,,
b3fd56e66f51e1b601085e3db5a6735cde5fe19cb5bfe4ff59937a04b547b764,https://www.newark-sherwooddc.gov.uk/media/newarkandsherwood/imagesandfiles/business/pdf/CIL%20developer-agreement_20200331.csv,,,2020-12-23,,
6be19907e749ccaecea92d9a0819172bc0892b60d8ff2eedfa7adeb70486172e,https://www.norfolk.gov.uk/-/media/norfolk/downloads/rubbish-recycling-planning/planning/developer-agreements.csv,,,2020-12-16,,
98ba431e657f89a7ab7d4994348e09c9d4b55619ab7c9525fd6f7e13c3d915ca,https://www.northlincs.gov.uk/wp-content/uploads/2020/12/developer-agreement.csv,,,2020-12-22,,
d0574d7dbacb8f5e91be8f7185f815a10b6d55f02491282b95784969ace63330,https://my.northtyneside.gov.uk/sites/default/files/web-page-related-files/developer-agreement.csv,,,2021-01-04,,
2aa7e57f2a595bb27b823b36a2c1ee29152c4540141e4e9d6c792d54c3079c36,https://www.sevenoaks.gov.uk/downloads/file/3079/cil_developer_agreements_-_april_2019_to_march_2020,,,2021-01-12,,
dcd79627acc9f6a449fb6f9dd65823bc8556e68183ec85940c46c8024dd62cf6,https://southhams.gov.uk/developer-agreement,,,2020-12-18,,
b16799e75361adc05a0b40f03e449374fea1c5532ec2d048aad99b33e26a6e34,https://www.southlakeland.gov.uk/media/7345/developer-agreement-2020.csv,,,2020-12-23,,
9433a80b62706e6d39bb1145f9452dc818594dcd061948dd7437b07d7ad7fe37,https://www.salford.gov.uk/media/396060/developer-agreement_20200917.csv,,,2020-12-22,,
7892a892e59ddef72c0a9e19d8262cafb5333486c1298426e06e0d61416681d2,https://www.sunderland.gov.uk/article/17799/Developer-agreement-CSV,,,2020-12-18,,
f6f0f76c3e0c963b8899b552fae0ec4ee8c1c8119210faa10f238dc2bbdf08b9,https://www.southnorthants.gov.uk/download/downloads/id/7029/developer-agreement-contribution-20201221.csv,,,2020-12-22,,
52c259b262aa472edca3845edd65973a10adb5378e2060b6b5257ef3cba091d5,https://tewkesburyborough-my.sharepoint.com/:x:/g/personal/website_tewkesburyborough_onmicrosoft_com/EbtOPy0lOMFKt-GOSR3FCj0BOexWaMauT9yKDUz8NisWxg?e=djk83V,,,2021-01-04,,
f6a7bfb6ddfe1402e7367bc4f536d0c67e6293eddfe800cbaed76cab92b99479,https://docs.tmbc.gov.uk/docs/S106/developer-agreement_20201209.csv,,,2020-12-16,,
226e672cfb5e9baebef7d6a0a16e30a61e09a18d6f6d4a2dac1afd81e811697c,https://docs.tmbc.gov.uk/docs/S106/developer-agreement_20201231.csv,,,2021-01-04,,
455a640f3c8e3f305cf00b4d8c7d89d87e7878badee030c3d96fe2771a1c777b,https://westdevon.gov.uk/developer-agreement,,,2020-12-18,,
ce072807557931174a3d22121fd8ac962008181474e5e98d67ac015c624d74ae,https://www.wiltshire.gov.uk/developer-agreement,,,2021-01-04,,
81ef832cefb3916bd499780103bea2953b1575b6949a8b6488b59c8fa3b00002,"https://www.adur-worthing.gov.uk/media/Media,155796,smxx.csv",,,2020-12-21,,
9cf25b31ee020112f85ff40c12b03e96e0cdac1ca8976dfd1da92ccd7d9dd8eb,https://www.broads-authority.gov.uk/__data/assets/file/0031/348718/developer-agreements.csv,,,2020-10-02,,
705d90de8c2841af9a725e0e4c0d39166d169e45497d895e04293821d07b2bc1,https://www.newforestnpa.gov.uk/app/uploads/2020/12/developer-agreement_20201218.csv,,,2020-12-18,,
ceab451289dbca5d078da2e7aafeef58392d5dc410d718e086859fa41a6d8810,"https://www.adur-worthing.gov.uk/media/Media,158842,smxx.csv",,,2020-12-21,,
04cf69f42d47bce5a9756d6df0ff91a2a692f6eb54fb4da42c46df6ae6574b91,https://www.ambervalley.gov.uk/images/documents/planningobligations/developer_agreement_contributions.csv,,,2021-01-11,,
33f348d97537b507f6b606c8de2adb8fc5a93f2864aa272ba687df723b09b532,www.ashford.gov.uk/developer-agreement-contributions,,,2020-12-22,,
605168f4c230cf457c55a953540aab1e4537bbcd1b97094f811ce345a5479807,https://www.bolton.gov.uk/downloads/file/3206/developer-agreement-contribution-20201221,,,2020-12-23,,
cbbd6e49bad34c453957aa803a235eb657a79397b0845aa7b383ea4ac2fbf092,https://www.mybostonuk.com/wp-content/uploads/2020/12/developer-agreement-contribution_20201217.csv,,,2020-12-22,,
9ef56ec1d69b833696cf01772f596dae6ffde5e510c0980988b2b7180a4a4735,https://www.braintree.gov.uk/downloads/file/2962/developer-agreement-transactions,,,2021-01-04,,
9afe15840237f1b985ff722088913e650834d2827f6b0119422f0242da53be5f,https://www.broxbourne.gov.uk/downloads/file/1304/developer-contributions,,,2020-12-22,,
6c56f27c240da02d6bf0449bbd4c8f71163fe60be0ebacefbd2e5480a899aa48,https://www.charnwood.gov.uk/files/documents/developer_contributions_completed_2019_20_2/Developer%20agreement%20Contribution%20CSV2.xlsx,,,2020-12-23,,
871a30878a9f39e64c8f27a2d6eb63b1445122df929388235dc6ad773fc87778,https://www.cheltenham.gov.uk/download/downloads/id/8303/developer_agreement_contribution_csv.csv,,,2021-01-04,,
67f61203894882a61ed0df22dc6bb5867051d82111b3cd2f907d7f702cbdf0fe,https://www.cumbria.gov.uk/elibrary/Content/Internet/535/18042/44195114822.csv,,,2021-01-04,,
819b2ef6fabea4142cbd05d7e5449a404ca6a5a8258cec711a4a8354f6a51a0a,https://cbccrmdata.blob.core.windows.net/noteattachment/CBC-Fees-and-charges-Developer-agreement-contributions-Developer%20Agreement%20Contributions_20201202.csv,,,2020-12-16,,
0c7824da797b9562120d05fcca7eaa9135d82813e1494d0d51f51e5680b6ba9d,https://www.copeland.gov.uk/attachments/developer-agreement-contribution,,,2020-12-18,,
fa1741152bf57edffcec7fe60c60be95450df6d95cfc71696609617e2015a18b,https://cdn-eastherts.onwebcurl.com/s3fs-public/2020-12/East%20Herts%20Council%20-%20CVS%20File%202%20-%20developer-agreement-contribution_20200921_.xlsx,,,2020-12-16,,
e08f600e90eb62a72fe50b79d49681b2d64a966df97fc77dc6c20a8a8a09f43e,https://epsom-ewell.gov.uk/sites/default/files/documents/residents/planning/planning-policy/community-infrastructure-levy-cil/Developer%20agreement%20contributions.csv,,,2021-01-11,,
e771020a1b6988d816e809cee11bc8a8bc46a31d7c74640340f67d64d4dc7d40,https://www.erewash.gov.uk/images/Planning_Policy/developer-contribution_20201217.csv,,,2020-12-22,,
dada07835331757552efca96881859b4c5159c89fe44837b6185da761d80e54f,https://eryc.link/developercontributions,,,2021-01-04,,
5a43596efd483ce830f6e8fc9b40645f7e3829b8c829ea5d4d4bf96a4bb73088,http://www.eaststaffsbc.gov.uk/sites/default/files/docs/planning/planningpolicy/developer-agreement-contribution.csv,,,2020-12-22,,
ac85cd6749b8dec9b8be4ec6cf88ae721abeea9089c0f72fb50f8809dfc80050,https://www.gateshead.gov.uk/media/23680/developer-agreement-contribution-20201021/excel/developer-agreement-contribution_20201021.csv?m=637438037899400000,,,2020-12-17,,
266f6a4303ca00862996537c60e84e91f85928a1dd5be53a17e20c369da37303,https://www.gloucester.gov.uk/media/4793/developer-agreement-contribution_20201209.csv,,,2021-01-04,,
b95d4641513f0b999d42de4eeefce08fcbe7d0ddc4d5970c7a9e8aa330ecf15a,http://www.gosport.gov.uk/developer-agreement-contribution,,,2020-12-29,,
b4a9ea1d51cabb43df3b2597cf9b403e66a7711a69743420c1c75c0302b72007,https://www3.halton.gov.uk/Pages/planning/pdf/registers/developercontribution.csv,,,2020-12-22,,
f72c927f7cc0a10adfe5d44facd25c31025403dc46b9e55815e67c26957a60e0,https://lbhounslow.sharepoint.com/:x:/s/InternetLinks/pp/EQJMr0aNJQRLknjBx6PeCygBeX5yyQQxbebMc6K5rNUI5g?e=Bj19ZY,,,2020-12-22,,
96b7450b1f36e003fe640407e12ff8818015401412c3ec0bddcdba7afb369896,https://www.hertfordshire.gov.uk/developer-agreement-contribution,,,2021-01-04,,
ab5f9891cd4f8fdb4b5a70b17c6b5134d5a5de750f751f039de1000a2931cb95,https://www.iow.gov.uk/PlanningObligations/Download.ashx?type=Extract&extract=Contributions,,,2021-01-04,,
9c3bc807103396ac8676859a0ef89768e8f67ee4a677da0693333571e1c50f4c,https://www.islington.gov.uk/developer-agreement-contribution,,,2020-12-24,,
67d437af3185d71185cb7693beff108ebc6feea2f91df5feb616f87ace9a429e,https://www.newark-sherwooddc.gov.uk/media/newarkandsherwood/imagesandfiles/business/pdf/S106%20developer-agreement-contribution_20200331.csv,,,2020-12-23,,
80ba52142432123215915ed80bbee5b568de768a92ef8f7b97fe872a57fa6c5f,https://www.newark-sherwooddc.gov.uk/media/newarkandsherwood/imagesandfiles/business/pdf/CIL%20developer-agreement-contribution_20200331.csv,,,2020-12-23,,
ea080017f5b7e966e610a093053208abc19117506eca678fd3532938502e519d,https://www.norfolk.gov.uk/-/media/norfolk/downloads/rubbish-recycling-planning/planning/developer-agreement-contributions.csv,,,2020-12-16,,
8e78089325ae9aa83ac898bdac70b13f48c3867b3d310af4a9016b29c70c8c35,https://www.northlincs.gov.uk/wp-content/uploads/2020/12/developer-agreement-contribution.csv,,,2020-12-22,,
1b78db1c1f91b863efc393197395697a831ae6fe7c3e0050a004e12e38d57fcc,https://my.northtyneside.gov.uk/sites/default/files/web-page-related-files/developer-agreement-contribution.csv,,,2021-01-04,,
3a04a41d701d43fd88fa3bb2851a3715d68e395ff9da1819b210704df2f10f6b,https://www.sevenoaks.gov.uk/downloads/file/3078/cil_developer_contributions_-_april_2019_to_march_2020,,,2021-01-12,,
5bd3fe053af0d46c804498e2938e16786d65935044797ce394a03aa93bc3188f,https://southhams.gov.uk/developer-agreement-contribution,,,2020-12-18,,
ee9944f8f80e2eb0bc662cdabd825e4e4db64a5416112c6e442f23f12263b341,https://www.southlakeland.gov.uk/media/7346/developer-agreement-contribution-2020.csv,,,2020-12-23,,
ea306a1820af9ac94bbf75ae6de68a40a8446d1c1988a8ff2f4956dda6080196,https://www.salford.gov.uk/media/396062/developer-agreement-contribution_20201009.csv,,,2020-12-22,,
3c6e01bbf35f5618601873d4025c1d3abae976b24dd58bd41611feea56f7d84e,https://www.sunderland.gov.uk/article/17800/Developer-agreement-contribution-CSV,,,2020-12-18,,
450f93f25887ed07df4f266fd5c6c4c910d84ff6a0d37e71aa7edfe297c4dffe,https://www.southnorthants.gov.uk/download/downloads/id/7030/developer-agreement-20201221.csv,,,2020-12-22,,
f5fc273210dfd5dc13e851eddc2f07d7b3cc57239c701cb872d4580d1c3c5b05,https://tewkesburyborough-my.sharepoint.com/:x:/g/personal/website_tewkesburyborough_onmicrosoft_com/Ea-2LpygDC1GlCrQ7vugR-oBpjElTEQJmSsSrsqNsPaROQ?e=rH6xNZ,,,2021-01-04,,
03b4b9c71aff16af723080addffa2c63812efe2dc0a0d28772c8e87bcec1db22,https://docs.tmbc.gov.uk/docs/S106/developer-agreement-contribution_20201209.csv,,,2020-12-16,,
1e35b6daadcfaf1a2a40d68b19c18ba92c8ced6ad0e9bdfb3c378fc1c156b9f2,https://docs.tmbc.gov.uk/docs/S106/developer-agreement-contribution_20201231.csv,,,2021-01-04,,
697dbfe28573767f45aeb099d7babe91561e95353609c8a18ab855fbd0dc96f5,https://westdevon.gov.uk/developer-agreement-contribution,,,2020-12-18,,
914e84dd87312abf478d67da171e8dc5c8e6946ce7ad0d32737dab75f5530698,https://www.wiltshire.gov.uk/developer-agreement-contribution,,,2021-01-04,,
acc64c0dfd7cb892710745cc128c5a52c05c5219274baf6fc04c615caa343203,"https://www.adur-worthing.gov.uk/media/Media,158844,smxx.csv",,,2020-12-21,,
86b8b9fb695025941a7f16e9db7c35b5573345460b92d95383d537ad14470ccd,https://www.broads-authority.gov.uk/__data/assets/file/0030/348717/developer-agreement-contributions.csv,,,2020-10-02,,
fac58beef7997f7697044f4ad77e922092c43182bb6fe746631785e760d452cd,https://www.newforestnpa.gov.uk/app/uploads/2020/12/developer-agreement-contribution_20201218.csv,,,2020-12-18,,
bec467da0d8851388b931dae57ffa5e79653f3e271981c08e8c1a5c0e7b1140b,"https://www.adur-worthing.gov.uk/media/Media,158843,smxx.csv",,,2020-12-21,,
0f58cc93427544f40cfc63b29809bed23c6485923e095d2c53bb0ee3008d309e,https://www.ambervalley.gov.uk/images/documents/planningobligations/developer_agreement_transactions.csv,,,2021-01-11,,
6171e63f0cbf308ab07f92ae90cde5e8a45091869efca6d2ac4f8cb197aa25eb,www.ashford.gov.uk/developer-agreement-transactions,,,2020-12-22,,
2e23473d44aeb29a9fab2502f2da4710fe760574abfefded48f2f211f7e195ee,https://www.bolton.gov.uk/downloads/file/3207/developer-agreement-transaction-20201221,,,2020-12-23,,
b4b23d8c1e653a4e20c50641461b6553eac09f6087a13256547dee0f18ae7915,https://www.mybostonuk.com/wp-content/uploads/2020/12/developer-agreement-transaction_20201217.csv,,,2020-12-22,,
16af08c6b63f522fe12ee84045b3a55a13a8de4d0ae89505bae175dd3fbb931e,https://www.braintree.gov.uk/downloads/file/2963/developer-agreements-contribution,,,2021-01-04,,
a06836755418154220d78214dc67d2aef22e109b38e0ea1eaf4a18ca67e54c5b,https://www.broxbourne.gov.uk/downloads/file/1305/developer-transactions,,,2020-12-22,,
0f6f5ae1fa5632f2b8cc08891bb3157541117ab29bdb64f55363008a734772f7,https://www.charnwood.gov.uk/files/documents/trigger_2019_20_2/Developer%20agreement%20Transaction%20CSV3.xlsx,,,2020-12-23,,
e4a3bbbdbc80d48650d16eb4c050c6530228118b0f0da133a3911b0d07795b4a,https://www.cheltenham.gov.uk/download/downloads/id/8304/developer_agreement_transaction_csv.csv,,,2021-01-04,,
2150658d50678c26993baec2c52da50325463e9bca3a35fc5b4bccd6fccd5e51,https://www.cumbria.gov.uk/elibrary/Content/Internet/535/18042/4419511525.csv,,,2021-01-04,,
4262f9ce516a52a68b60377e50ec86eb7db129594fc12d03cfe731ed3c9a7581,https://cbccrmdata.blob.core.windows.net/noteattachment/CBC-Fees-and-charges-Government-agreement-transactions-Government%20Agreement%20transactions_20201202.csv,,,2020-12-16,,
b89a7ccd1ff32160402323509b8425bb61728a115ebe14ba80ac08e8b16e43f5,https://cdn-eastherts.onwebcurl.com/s3fs-public/2020-12/East%20Herts%20Council%20-%20CVS%20File%203%20-%20developer-agreement-transaction_20200921_.xlsx,,,2020-12-16,,
7c9c8cbf1a347131b1da952f2546b8e368c733b895d44ef27ec3df39cc8b3b22,https://epsom-ewell.gov.uk/sites/default/files/documents/residents/planning/planning-policy/community-infrastructure-levy-cil/Developer%20agreement%20transaction.csv,,,2021-01-11,,
06b9562573dcb2b89bec1ef8e6e663f12be50a7274382db347614bba9f223e30,https://www.erewash.gov.uk/images/Planning_Policy/developer-agreement-transaction_20201217.csv,,,2020-12-22,,
dab6c5354b093d392e61fca5302b0cebdc3dfe895a0babf15e26abfd9182eb4d,https://eryc.link/developertransactions  ,,,2021-01-04,,
9809aa11e4f0536e21649e94552180ed717befe3b712649f2275528970f3a8d9,http://www.eaststaffsbc.gov.uk/sites/default/files/docs/planning/planningpolicy/developer-agreement-transaction.csv,,,2020-12-22,,
ac85cd6749b8dec9b8be4ec6cf88ae721abeea9089c0f72fb50f8809dfc80050,https://www.gateshead.gov.uk/media/23680/developer-agreement-contribution-20201021/excel/developer-agreement-contribution_20201021.csv?m=637438037899400000,,,2020-12-17,,
ff11e8140d3e8733666b7f462a610ce1d4e51af27ec0cb496166bc0d5bed4f4d,https://www.gloucester.gov.uk/media/4794/developer-agreement-transaction_20201209.csv,,,2021-01-04,,
b719eb1ac2edadc67ec0f586ef884601abec7ee2eb0ec4fb92f66a13bbe96116,http://www.gosport.gov.uk/developer-agreement-transaction,,,2020-12-29,,
ff05401217ed0922dd380be2be60d1a8c22347f5e6a29ffc569998c4df5a99d3,https://www3.halton.gov.uk/Pages/planning/pdf/registers/developertransaction.csv,,,2020-12-22,,
d75ddc5a7c8293fcae095a94681ec18248e32e83bcb5456bedd0f8f7dbe640c6,https://lbhounslow.sharepoint.com/:x:/s/InternetLinks/pp/EXeNh-lwaBpFq7J1y4gswmIBwe5-yLb1UpwLwAgt4IUGRQ?e=C8kN7R,,,2020-12-22,,
5207f064cc5bee9d321ee25f4eca2cfd18a26ec6ec57895bb37cf389b4d2ce7d,https://www.hertfordshire.gov.uk/developer-agreement-transaction,,,2021-01-04,,
e6fbd61b44f686dfd55a324b35b494c0e8ecca549356a0bece6c93cc5090f035,https://www.iow.gov.uk/PlanningObligations/Download.ashx?type=Extract&extract=Transactions,,,2021-01-04,,
4f3c11066adc16e06dac6a11d5d70e2c582cec8c46c4add8d6386070e4a3afa7,https://www.islington.gov.uk/developer-agreement-transaction,,,2020-12-24,,
6a20f4b320841918355187b741c32b8985da74151719365d784f843e5f9205a4,https://www.newark-sherwooddc.gov.uk/media/newarkandsherwood/imagesandfiles/business/pdf/S106%20developer-agreement-transaction_20200331.csv,,,2020-12-23,,
fbdee5b9c7eb6f2c9335cb363d04df487767f13ad06348a05fe03563f13a7dca,https://www.newark-sherwooddc.gov.uk/media/newarkandsherwood/imagesandfiles/business/pdf/CIL%20developer-agreement-transaction_2020331.csv,,,2020-12-23,,
b7190aaa2bddedffb3c5458ec7c2ea3809f8ee71cd670f2fbb2b4951fd74f17b,https://www.norfolk.gov.uk/-/media/norfolk/downloads/rubbish-recycling-planning/planning/developer-agreement-transactions.csv,,,2020-12-16,,
31594a177291d609857bb8b76738f437fb3f85dfb84f747abf049b754c875863,https://www.northlincs.gov.uk/wp-content/uploads/2020/12/developer-agreement-transaction.csv,,,2020-12-22,,
058fc1d3ba3aedcb8c9b47648b8458804d51e98aebd6175846b8b40cf5ab900c,https://my.northtyneside.gov.uk/sites/default/files/web-page-related-files/developer-agreement-transaction.csv,,,2021-01-04,,
aa707a5e8feb8d6a63b068c0559d5aaff41af51a39707b9beb0c0792fe48c1fd,https://southhams.gov.uk/developer-agreement-transaction,,,2020-12-18,,
74e6ad20eeb23e7d21a942fcad5316e140e050f36da8247778de46f9f576b6b7,https://www.southlakeland.gov.uk/media/7347/developer-agreement-transaction-2020.csv,,,2020-12-23,,
6cb8454755578c0494f830408999f5efc0a4cde7db6dfd0ed4b4b61cbafd2ee2,https://www.salford.gov.uk/media/396064/developer-agreement-transaction_20201014.csv,,,2020-12-22,,
5f8ae77da86881228426a3a7d1fbc17839d53892344e0aea372c4dfe95733e8a,https://www.sunderland.gov.uk/article/17801/Developer-agreement-transaction-CSV,,,2020-12-18,,
24c6e58b61392f3f73ab40498c77aa0c07d79944d3289a21f8ada26b7bc08dd7,https://www.southnorthants.gov.uk/download/downloads/id/7031/developer-agreement-transaction-20201221.csv,,,2020-12-22,,
b6d4f13fb4db8014b944408cbc63d2ef31444a6111f84484956a6bfab80e8ed2,https://tewkesburyborough-my.sharepoint.com/:x:/g/personal/website_tewkesburyborough_onmicrosoft_com/EeavZGYGtVRGuhSNuScfR6oBuh-HIrEldtlv5Uubn8FmyQ?e=sWCOT7,,,2021-01-04,,
acca1c0be9b3596021e30997c79db865402c260fd154657c50bf1cdc67f5d0c7,https://docs.tmbc.gov.uk/docs/S106/developer-agreement-transaction_20201209.csv,,,2020-12-16,,
47961cafc138efc49d6c7ec3838a34056442e1c5b525a534cc0ff780f47b083f,https://docs.tmbc.gov.uk/docs/S106/developer-agreement-transaction_20201231.csv,,,2021-01-04,,
ce0bd6e8e1ca415fd3a44286a7a1b1901854db7b3b65ddebb43c7cd6d0253199,https://westdevon.gov.uk/developer-agreement-transaction,,,2020-12-18,,
44a3e67ee571b72e6ce04abdd865301d823a189bc28180fc3ed32e2918558dfb,https://www.wiltshire.gov.uk/developer-agreement-transaction,,,2021-01-04,,
88737f7c21c72420b9420309ceab7f5424cb9d959a9e4b3decb3654bc6a90ba1,"https://www.adur-worthing.gov.uk/media/Media,158845,smxx.csv",,,2020-12-21,,
6f317f7a4ab4c81d06eaa7e6b8551f8d0ad08a8385bea5a86f03475caa0b9fc3,https://www.newforestnpa.gov.uk/app/uploads/2020/12/developer-agreement-transaction_20201218.csv,,,2020-12-18,,
1763583d093f221e072cfc1c3f6758b02f0ac636c58f23686c02533a49d7f689,https://cbccrmdata.blob.core.windows.net/noteattachment/CBC-Fees-and-charges-Developer-agreement-Developer%20Agreements%202019-20.csv,,,2021-10-07,,
3992959d38f1c2642f75c91bbbad68c992a065ec50e02ba690ac8f4b711a8269,https://eryc.link/developeragreements,,,2021-10-07,,
243b500611d08159ab07cbd5d87ddad286875b30005229102e8e303221439e92,https://lbhounslow.sharepoint.com/:x:/s/InternetLinks/pp/EeNiRt0q4HxNl91silJ0ZnoB7ZHNNnNDJZGbXybX_Rc2Zg?e=ClqD1K,,,2021-10-07,,
710f2cbbeb88b701defd2a2570b9b269f9dc14bbb01f3360369ceef8fdcd0b3a,https://www-cloudfront.allerdale.gov.uk/media/filer_public/7d/80/7d80f909-3b92-4ea6-8d1c-170e7eb845e9/file_1_-_developer_agreements.csv,,,2021-10-07,,
de12f3cf35c3e701d96ec31603342aa84440c80e7b93cb6c5de6be66d619b486,https://www.arun.gov.uk/developer-agreement-latest,,,2021-10-07,,
64c88ceec41356703de0e755e981c16208948e90fd5e9ca3a406a951b1fb445c,https://www.arun.gov.uk/download.cfm?doc=docm93jijm4n16507.csv&ver=17064,,,2021-10-07,2021-01-02,2021-09-22
0cb7c546d8be14a8184c9518b2354e1373c5030acd139ff853ecb7f81304b13a,https://www.arun.gov.uk/download.cfm?doc=docm93jijm4n17948.csv&ver=18638,,,2021-10-07,2021-09-22,2021-09-21
7d507e215478b2d437bc75e42b8339711785c7ce49542323df5fbe0967289a2f,https://www.ashfield.gov.uk/media/8d89abef1545c7e/developer-agreement_20201207.csv,,,2021-10-07,,
9f126e947aeb273137f5e9efc0186a213f68d526fccf5d9b7d36fb2da52074d3,https://www.ashford.gov.uk/media/4lsnsvso/developer-agreements-2019-20.csv,,,2021-10-07,,
228994038252324be6cb3f061b238c5ff4d8d081bd4b956ffb15d1e9c2468486,https://www.barrowbc.gov.uk/_resources/assets/attachment/full/0/8887.csv,,,2021-10-07,,
b2bb9cd93a9e06a84136f30869a9bd4d30f0ad46c04db83e1f9879cea4361f45,https://www.blaby.gov.uk/media/4601/csv1-developer-agreement_010419.csv,,,2021-10-07,,
5f4b90ba4609f153f767689fc24f0434237a38288812b6729553e71c4904494c,https://www.breckland.gov.uk/media/18010/Developer-Agreement-2021-08-03/CSV/developer-agreement_2021-08-03.csv?m=637636879324300000,,,2021-10-07,2021-08-03,
9aa993d3ccbb00c38e414b7a59ce1fc21b402633b0f6165d43fc5ff577a9f566,https://www.brighton-hove.gov.uk/sites/default/files/2021-02/developer-agreement_2020_03_31.csv,,,2021-10-07,,
d9987fbdc0dde5c61144837a2aef68be3979b0f3f5309abda62274e32b40e2e6,https://www.carlisle.gov.uk/Portals/24/Documents/Evidence_Base/IFS/developer-agreement-20201230.csv,,,2021-10-07,2020-12-30,
760cd77da1228b356bae11f170f19cd9a82ccf871f109a3121d92270b1384d2e,https://www.coventry.gov.uk/download/downloads/id/34827/csv1_developer_agreements.csv,,,2021-10-07,,
bb47d70c6fd3dab53c9ec5890e8eae0209c121e6abb8e90a32ee8712d527d152,https://www.dover.gov.uk/Planning/Planning-Policy-and-Regeneration/Authority-Monitoring-Report/IFS/developer-agreement-2020-08-15.csv,,,2021-10-07,,
6389f5d120b0c0b42a88385e6c9092ba08fdaa4d9d74cae5a8fd0fb216a4d4e9,https://www.e-lindsey.gov.uk/media/15220/developer-agreement-20200101/pdf/Developer_Agreement.pdf?m=637478599465700000,,,2021-10-07,,
ccd3286f9d71590e3bd1ea48d23f63a1be7b7377eea827cad99c20cdddaab208,https://www.eastcambs.gov.uk/sites/default/files/developer-agreement_2020-10-12_1.csv,,,2021-10-07,,
cd53aa90239d7fab29538bd27572a14ef5d617b08f5eb02f5bd4d07c787baa5b,https://www.gateshead.gov.uk/media/23679/developer-agreement-20201021/excel/developer-agreement_20201021.csv?m=637438037896670000,,,2021-10-07,2020-10-21,
f55d37c93a250a1e3ca9499b914fb4a29b7a7f43872c4628fc8c25c5f5e704d0,https://www.harborough.gov.uk/download/downloads/id/6585/developer-agreement_20200821.csv,,,2021-10-07,,
6c00e9469c095af9184485efb79b205142f422365c2fefaaf8ce52a0d463a960,https://www.hart.gov.uk/sites/default/files/4_The_Council/Policies_and_published_documents/Planning_policy/developer-agreement_20201217.csv,,,2021-10-07,2021-12-17,
16453d07a8bf6da5ee1b20b6c230159e3757c8fa4ecb7d9a3ea94e30a753153b,https://www.hyndburnbc.gov.uk/download-package/section-106-agreements-s106-s-106/?wpdmdl=5555&ind=K0tXsdr0f3Y7X3fWPoojk2RWnNbQxQQQ8YJZ8mtbYVC3smG_r4gtbHR5FCYELVH1jItp0l7k-BZYFLa-x0Xfyw,,,2021-10-07,,
0a9a3c4904e8eb53d4e6dc90ab208b93209c930e3a1ef2d3ed9f903c3ef7f482,https://www.iow.gov.uk/PlanningObligations/Download.ashx?type=Extract&extract=Agreements,,,2021-10-07,,
baf92f29405c1a04cfb25818fa531d05b29ece1000067f5fee9e855e0969cc24,https://www.mybostonuk.com/wp-content/uploads/2020/12/developer-agreement_20201217.csv,,,2021-10-07,2020-12-17,
8fe2f3be2288f895705e261cb2617b16b2a91c03685762d7ef0d1a338220e1e7,https://www.royalgreenwich.gov.uk/download/downloads/id/5054/developer_agreements.csv,,,2021-10-07,,
4eb60d265d44e697ed8d149e38c47a684514892a938ea1b1f267ac0435cf494d,https://www.southdowns.gov.uk/wp-content/uploads/2020/12/developer-agreement_20200401.csv,,,2021-10-07,2020-01-04,
e3b0c44298fc1c149afbf4c8996fb92427ae41e4649b934ca495991b7852b855,,,,2021-10-07,,
b566bc89c1b24ca2388bf21baa83f6e9b14b871847fa67eb9b07c17d5598e267,https://cbccrmdata.blob.core.windows.net/noteattachment/CBC-Fees-and-charges-Developer-agreement-contributions-Developer%20agreement%20contributions%202019-20.csv,,,2021-10-07,,
b14148fdadafd1f36d2c4c518d5b1de27228b469c2939f894c0dd97016c397b2,https://lbhounslow.sharepoint.com/:x:/s/InternetLinks/pp/EQJMr0aNJQRLknjBx6PeCygBeX5yyQQxbebMc6K5rNUI5g?e=q6yIuV,,,2021-10-07,,
3458b4bb85f3e83c84354f17ee37e59c034d06e0b0367c483ffd43bb77eb5370,https://www-cloudfront.allerdale.gov.uk/media/filer_public/07/c5/07c5e27b-20af-453c-afcc-72f04f3f4201/file_2_-_developer_agreement_contributions.csv,,,2021-10-07,,
d98346f518ce95eadb9bdb753e89d45ded8a703556c93cff4ffcbbd4badc05c6,https://www.arun.gov.uk/developer-agreement-contribution-latest,,,2021-10-07,,
d8cf258de24db6cad7b91bd9b2102ab366db167265f32a27484adcd247c1b0f2,https://www.arun.gov.uk/download.cfm?doc=docm93jijm4n16508.csv&ver=17070,,,2021-10-07,2021-01-02,2021-09-22
016952c71bc162bb6ab9ad8477bf80f20c19b9147469723dab7e4b32d55b77c4,https://www.arun.gov.uk/download.cfm?doc=docm93jijm4n17949.csv&ver=18639,,,2021-10-07,2021-09-22,2021-09-29
616902e1261ef646b23e8b4dd8e82bbc853489c90e575a9a096161c2d163a2dc,https://www.ashfield.gov.uk/media/8d89abf089f5bf3/developer-agreement-contribution_20201207.csv,,,2021-10-07,,
835d36edfede2177d2e17ca88781d525a786418f63ee0490ca595668417ce832,https://www.ashford.gov.uk/media/p1ylwl5d/developer-agreement-contributions-2019-20.csv,,,2021-10-07,,
a2196591067cd4f8b7162575d13b95ff11acbca335c9d7491ed86fb0f8ed3062,https://www.barrowbc.gov.uk/_resources/assets/attachment/full/0/8888.csv,,,2021-10-07,,
6c52860e30238ee715a9fb961b289826a1bd43d3e8c6b9e5a09ec0e79bf6c073,https://www.blaby.gov.uk/media/4600/developer-agreement-contribution_010419.csv,,,2021-10-07,,
a2258fc1866fcd06593a5b0f7460b579031d4329c5adbd834ef927a6510780d2,https://www.breckland.gov.uk/media/18009/Developer-Agreement-Contribution-2021-08-03/CSV/developer-agreement-contribution_2021-08-03.csv?m=637636878492500000,,,2021-10-07,2021-08-03,
a54f2b079838979c3fc00056be124dfa0a34fb3ac6a0e213bb24965996b03a27,https://www.brighton-hove.gov.uk/sites/default/files/2021-02/developer-agreement-contribution_2020_03_31.csv,,,2021-10-07,,
c5401ba0e9229a1c91e81ca4c0112baf9e6008371442b1d3731be26dd33cc8fd,https://www.carlisle.gov.uk/Portals/24/Documents/Evidence_Base/IFS/developer-agreement-contribution20201230.csv,,,2021-10-07,2020-12-30,
a9d95b6ba58c1047ecf0611c08a47b61bcf33a752ab283009e55ba02534ec019,https://www.coventry.gov.uk/download/downloads/id/34828/csv2_developer_agreement_contributions.csv,,,2021-10-07,,
65c04fb830320a32ceb91061f02d85be6fdb0f55fcae673441aeaf5f0cf52d6a,https://www.dover.gov.uk/Planning/Planning-Policy-and-Regeneration/Authority-Monitoring-Report/IFS/developer-agreement-contribution-2020-08-15.csv,,,2021-10-07,,
d80c65813a53b77cbd21f3149a9f4a00bb1208bc3e94f95cd46aeaeb74505ff3,https://www.e-lindsey.gov.uk/media/15222/developer-agreement-contribution-20200101/pdf/Developer_Agreement_Contribution.pdf?m=637478599746700000,,,2021-10-07,,
2194d68b6706bbd37db722beafac663dcc1008950597dd85e51c4643c337ea68,https://www.eastcambs.gov.uk/sites/default/files/developer-agreement-contribution_2020-10-12.csv,,,2021-10-07,,
ac85cd6749b8dec9b8be4ec6cf88ae721abeea9089c0f72fb50f8809dfc80050,https://www.gateshead.gov.uk/media/23680/developer-agreement-contribution-20201021/excel/developer-agreement-contribution_20201021.csv?m=637438037899400000,,,2021-10-07,2020-10-21,
434b8cecebe34de6e1de501dce132392e1f68bb744f94db5795459411adad0ca,https://www.harborough.gov.uk/download/downloads/id/6586/developer-agreement-contribution_20200821.csv,,,2021-10-07,,
b07b8c73f63f66ded3794efb67a1a0d6d4e779ad90e292bd53c90ac02506a513,https://www.hart.gov.uk/sites/default/files/4_The_Council/Policies_and_published_documents/Planning_policy/developer-agreement-contribution_20201217.csv,,,2021-10-07,2020-12-17,
ab5f9891cd4f8fdb4b5a70b17c6b5134d5a5de750f751f039de1000a2931cb95,https://www.iow.gov.uk/PlanningObligations/Download.ashx?type=Extract&extract=Contributions,,,2021-10-07,,
cbbd6e49bad34c453957aa803a235eb657a79397b0845aa7b383ea4ac2fbf092,https://www.mybostonuk.com/wp-content/uploads/2020/12/developer-agreement-contribution_20201217.csv,,,2021-10-07,2020-12-17,
6b9cea4bcff9a976995fdc106aa739166b6ac199859016c2330787307ebcc507,https://www.royalgreenwich.gov.uk/download/downloads/id/5052/developer_agreement_contributions.csv,,,2021-10-07,,
0e9b1c0a5c0f28f503fbb3df2e6202ea05c67f9739ce61f6ce64c8eef2698802,https://www.southdowns.gov.uk/wp-content/uploads/2020/12/developer-agreement-contribution_20200401.csv,,,2021-10-07,2020-01-04,
5906f8cbfcb17520cd635fcb435d640ddb78d0a96580a6926811b597a3bf3a0d,https://cbccrmdata.blob.core.windows.net/noteattachment/CBC-Fees-and-charges-Developer-agreement-transactions-Developer%20Agreement%20Transactions%202019-20.csv,,,2021-10-07,,
200c79034bd4c0613385cf92804ffd0fe4896a8dff5716335af0149496e251c9,https://lbhounslow.sharepoint.com/:x:/s/InternetLinks/pp/EXeNh-lwaBpFq7J1y4gswmIBwe5-yLb1UpwLwAgt4IUGRQ?e=L0kNYI%20-%20Developer%20Transactions,,,2021-10-07,,
3806dacdee7fdc83511ee391e60b660faa1423336d74ed1f8707f02bcc2a24c0,https://www-cloudfront.allerdale.gov.uk/media/filer_public/d0/60/d060bc7d-3cad-4f8c-895a-1bb09e75449c/file_3_-_developer_agreement_transactions.csv,,,2021-10-07,,
be53583f5bde4c207622ab642906244f243ee8adee8d825c56615905475639e2,https://www.arun.gov.uk/developer-agreement-transaction-latest,,,2021-10-07,,
4d2495791457195e1133a4783be8800e3dfe67f64c3229a980a32c4b55cd3018,https://www.arun.gov.uk/download.cfm?doc=docm93jijm4n16506.csv&ver=17063,,,2021-10-07,2021-01-02,2021-09-22
197c397f654b8b87847ebf8aed1c09f1cb2b5fd59315879189cfd4166411b18f,https://www.arun.gov.uk/download.cfm?doc=docm93jijm4n17950.csv&ver=18640,,,2021-10-07,2021-09-22,2021-09-29
1c20072678e3331367f5539bf11aacbeb72d381833726c41795105fe1eb627cf,https://www.ashfield.gov.uk/media/8d89abf1935ab86/developer-agreement-transaction_20201207.csv,,,2021-10-07,,
b62600aa5ae21984740f8bd61a64817f941aeccf5a82dea4ac5bd3746a696471,https://www.ashford.gov.uk/media/ewhn4t33/developer-agreement-transactions-2019-20.csv,,,2021-10-07,,
91a43485193f803b437d46cbce11393e0b3c9996180656396fdaa43a185323a7,https://www.barrowbc.gov.uk/_resources/assets/attachment/full/0/8889.csv,,,2021-10-07,,
a489e675da870d3131ed71f8a154b3a53e6fb46ae2c05bf3c1a15bae194f74d1,https://www.blaby.gov.uk/media/4599/csv3-developer-agreement-transaction_010419.csv,,,2021-10-07,,
608444a9a40478c864116ba85a3aad0329c8dd5ab571860b39ca1d734e761405,https://www.breckland.gov.uk/media/18008/Developer-Agreement-Transaction-2021-08-03/CSV/developer-agreement-transaction_2021-08-03.csv?m=637636879901170000,,,2021-10-07,2021-08-03,
39641fc84be2af9dd66b2a92a3a6ea7aaef14056deb3f30bb877609635667303,https://www.brighton-hove.gov.uk/sites/default/files/2021-02/developer-agreement-transaction_2020_03_31.csv,,,2021-10-07,,
e2f18ac72cee40c063f5be927ec2d11a56215ce5d973a696a83945fe635fae72,https://www.carlisle.gov.uk/Portals/24/Documents/Evidence_Base/IFS/developer-agreement-transactions20201230.csv,,,2021-10-07,2020-12-30,
1ae6b8cc4fab55aa8e23b51160c3e51b350eb8d44a04d6f9a367c10184f0606f,https://www.coventry.gov.uk/download/downloads/id/34829/csv3_developer_agreement_transactions.csv,,,2021-10-07,,
94ffaa7ca746ca4922da6ce1ff5ae1cdd5a783614e1e3d9f4a061fd094d6433e,https://www.dover.gov.uk/Planning/Planning-Policy-and-Regeneration/Authority-Monitoring-Report/IFS/developer-agreement-transaction-2020-08-20.csv,,,2021-10-07,,
125af0d961aceee7922d0dc24e7c6f1b162dbadc5e61b44b072bc691be1e53aa,https://www.e-lindsey.gov.uk/media/15221/developer-agreement-transaction-20200101/pdf/Developer_Agreement_Transaction.pdf?m=637478599332530000,,,2021-10-07,,
4c281a9099a1fed67b086f61114806422efaa594db731f56b9110510da43efa8,https://www.eastcambs.gov.uk/sites/default/files/developer-agreement-transaction_2020-10-12.csv,,,2021-10-07,,
ac85cd6749b8dec9b8be4ec6cf88ae721abeea9089c0f72fb50f8809dfc80050,https://www.gateshead.gov.uk/media/23680/developer-agreement-contribution-20201021/excel/developer-agreement-contribution_20201021.csv?m=637438037899400000,,,2021-10-07,2021-10-21,
ad5b569cebd9503989e03bc4b34ffb31ba1a2816ef26ca43af1fe98ce0559f33,https://www.hart.gov.uk/sites/default/files/4_The_Council/Policies_and_published_documents/Planning_policy/developer-agreement-transaction_20201217.csv,,,2021-10-07,2020-12-17,
e6fbd61b44f686dfd55a324b35b494c0e8ecca549356a0bece6c93cc5090f035,https://www.iow.gov.uk/PlanningObligations/Download.ashx?type=Extract&extract=Transactions,,,2021-10-07,,
b4b23d8c1e653a4e20c50641461b6553eac09f6087a13256547dee0f18ae7915,https://www.mybostonuk.com/wp-content/uploads/2020/12/developer-agreement-transaction_20201217.csv,,,2021-10-07,2020-12-17,
61d370acac59f728cd676b8464fb8e272660a5b4ab93ba9ca44b5d22ca7ceceb,https://www.royalgreenwich.gov.uk/download/downloads/id/5053/developer_agreement_transactions.csv,,,2021-10-07,,
ddc8cf61d30cf1c2ee7c43b458d93ad4a4d3c7a931b7e5a12144de334363873d,https://www.southdowns.gov.uk/wp-content/uploads/2020/12/developer-agreement-transaction_20200401.csv,,,2021-10-07,2020-01-04,
6c00e9469c095af9184485efb79b205142f422365c2fefaaf8ce52a0d463a960,https://www.hart.gov.uk/sites/default/files/4_The_Council/Policies_and_published_documents/Planning_policy/developer-agreement_20201217.csv,,,2021-12-31T11:11:09:15Z,,
5933c9927467888641c6ea10a2a9287ae0baf142b0debf8b99dc0cdd1c3e4e9b,https://www.gateshead.gov.uk/media/30549/developer-agreement-20211030/excel/developer-agreement_20211030.csv?m=637733622690470000,,,2021-12-31T11:11:10:24Z,,
2e4c62e01f5ac1903659f0837b9950c0e13c5a50f0a1a43f2cd9687ea9b7cb36,https://www.harborough.gov.uk/download/downloads/id/6969/2020-21_developer_agreements_csv.csv,,,2021-12-31T11:11:10:28Z,,
e092c44e0a39d19c0c2be12be5b538f7b9ce480958c6224cb6e53be9f8217589,https://www.southlakeland.gov.uk/media/7779/developer-agreement_20211124.csv,,,2021-12-31T11:11:10:32Z,,
3fe92365480827dc91e8023ecca7b3c8fcf41b01386a6e747b5b43a2d0067768,https://exeter.gov.uk/media/5870/developer-agreement_20211201.xlsx,,,2021-12-31T11:11:10:35Z,,
e3bbbe972d59d32a6eac818a2452a4b107b2a5dbd669e7ff2f87c1eaea6c1866,https://docs.tmbc.gov.uk/docs/s106/developer-agreement_20211201.csv,,,2021-12-31T11:11:10:38Z,,
f1c9a0a530926d48addb7b1d5d72b2c23479186522ac75ffae128c341823788c,https://tunbridgewells.gov.uk/__data/assets/file/0006/377151/developer-agreement_20211203.csv,,,2021-12-31T11:11:10:41Z,,
6c84c49c579efa697be3f1445afec595dd738763f83cc051d21474eda5101ecc,https://www.salford.gov.uk/media/397467/developer-agreement_20211213.csv,,,2021-12-31T11:11:10:44Z,,
0219767b3f297b08dc9101093f584529014c95f5c54b3ee959b362c0a6cbb237,https://www.dartmoor.gov.uk/__data/assets/file/0007/410110/developer-agreement_20211214.csv,,,2021-12-31T11:11:10:48Z,,
2122c52f6101d7817b370cbe2797b97eb74872b037ba29510b1667f81f3502a8,https://www.suffolk.gov.uk/assets/planning-waste-and-environment/planning-and-development-advice/S106-Planning-Obligations/developer-agreement-20211216.csv,,,2021-12-31T11:11:10:51Z,,
7548bb3ff5ce0fb51d2c23408637b5197e66cb6deccedc8f6c3ade82e719d1e6,https://www.coventry.gov.uk/download/downloads/id/37470/developer-agreement_20211224.csv,,,2021-12-31T11:11:10:54Z,,
2c2b48e6720e529fec1895a0e308db7d95f7c152a65d85dfafb8efa08ec6ecb4,https://www.cherwell.gov.uk/download/downloads/id/9860/developer-agreements-2019-20.csv,,,2021-12-31T11:11:10:57Z,,
92d389c269acc602ff269a741bac5537810bb9575d15bce2ce937ac05fa7ee3c,https://www.coventry.gov.uk/download/downloads/id/37474/developer-agreement_latest.csv,,,2021-12-31T11:11:11:00Z,,
760cd77da1228b356bae11f170f19cd9a82ccf871f109a3121d92270b1384d2e,https://www.coventry.gov.uk/download/downloads/id/34827/csv1_developer_agreements.csv,,,2021-12-31T11:11:11:04Z,,
a0506013c8a31a4ffb8a4671828c58425e2ab4fb5230c7afd86369d19132dcd3,https://www.bolton.gov.uk/downloads/file/3208/developer-agreement,,,2021-12-31T11:11:11:07Z,,
4b19beca9b1c0e2e9eeb9c4e215ddfa41d7b29708b1b868ff80c3447befa7cb9,https://m.northlincs.gov.uk/public/s106/documents/developer-agreement%202020.21.csv,,,2021-12-31T11:11:11:10Z,,
98ba431e657f89a7ab7d4994348e09c9d4b55619ab7c9525fd6f7e13c3d915ca,https://www.northlincs.gov.uk/wp-content/uploads/2020/12/developer-agreement.csv,,,2021-12-31T11:11:11:14Z,,
c11a59ab02d4f283747de2ba89a19d5a600370f2666e30f8cd43a4bf9e15fb54,https://www.hart.gov.uk/sites/default/files/4_The_Council/Policies_and_published_documents/Planning_policy/20-21%20developer-agreement_master.csv,,,2021-12-31T11:11:11:17Z,,
c3066d2b59dcb56045f7a086b430e48740a0a9cef656aa408679bbc6de6cef41,https://www.newark-sherwooddc.gov.uk/media/nsdc-redesign/documents-and-images/your-council/planning-policy/other-planning-policy-information/infrastructure-to-support-growth/ifs-docs-2020x2f2021/CIL-developer-agreement_20210331.csv,,,2021-12-31T11:11:11:20Z,,
f12d3e5ad5f9bdfb5dc0e733e78a64d95f7e0df514a0ca174fa007964c945abd,https://www.newark-sherwooddc.gov.uk/media/newark-and-sherwood/images-and-files/business/pdf/CIL-developer-agreement_20200331.csv,,,2021-12-31T11:11:11:24Z,,
831be9aef5e53f612c86579e7efff7057dc8b3e834ced2aa61fc9a38c710c9f4,https://www.newark-sherwooddc.gov.uk/media/nsdc-redesign/documents-and-images/your-council/planning-policy/other-planning-policy-information/infrastructure-to-support-growth/ifs-docs-2020x2f2021/S106-developer-agreement_2021331.csv,,,2021-12-31T11:11:11:28Z,,
07bb905ce47882ed55e3ff7d1d01a1d140d2e43fdc4359e50f78d8a23d209dc1,https://www.newark-sherwooddc.gov.uk/media/newark-and-sherwood/images-and-files/business/pdf/S106-developer-agreement_2020331.csv,,,2021-12-31T11:11:11:32Z,,
18a250c9909a808c2c295b79e57d8c753d9e4b54d6d12d51aac4776e2d3e5e56,https://www.easthants.gov.uk/csv1-developer-agreement-csv-102-kb,,,2021-12-31T11:11:11:36Z,,
02555422754afe68c07c2813ecc77960d7c31fabe28d9b12cead95181b66fe6c,https://www.hyndburnbc.gov.uk/download-package/section-106-agreements-s106-s-106/?wpdmdl=5555&ind=OocPhwC1fP2hbo50jKCjjzrCJO21dzytAp-IxUciFyU7nc7FpmnrplC8PuCO-K9EzS04pfqtphFhiTU68DSTDA,,,2021-12-31T11:11:11:40Z,,
739d4ab8af624694d0a2960571e2fadad37c9d2d353138440a02203f2bab4d93,https://www.dover.gov.uk/Planning/Planning-Policy-and-Regeneration/Authority-Monitoring-Report/IFS/CSV1-developer-agreement-2021-07-28.csv,,,2021-12-31T11:11:11:43Z,,
fa0571077be7452e81bfc1d34e950c28ce2ecc23d67290e6e6dca3d1d6f79772,https://www.rugby.gov.uk/download/downloads/id/3261/developer_agreements_2020-2021.csv,,,2021-12-31T11:11:11:47Z,,
3af3fa69a41e8e389c98c228c9a1d5a63829b415737e6328eec06fbc86cbd138,https://www.rugby.gov.uk/download/downloads/id/2697/developer_agreements_2019-2020.csv,,,2021-12-31T11:11:11:51Z,,
d5348ee1bb0b4335f408bb4ad3fb1354260c4b0c96bef60fddcc2aa737bb40ae,https://cdn-eastherts.onwebcurl.com/s3fs-public/2021-11/East%20Herts%20Council%20-%20CVS%20File%201%20-%20developer-agreement.xlsx,,,2021-12-31T11:11:11:54Z,,
5d011d068dc5da03d3fca7e3387797480d5cf1250b8ca4a503aa3b0f95d4ca6c,https://www.newforestnpa.gov.uk/app/uploads/2020/12/developer-agreement_20211206.csv,,,2021-12-31T11:11:11:58Z,,
57e99379599db2a45fb29daca65d997edecc1c2d97741ef20bdec6dd32f4b36c,https://www.southhams.gov.uk/developer-agreement,,,2021-12-31T11:11:12:06Z,,
0e2b7bc900d911d79bd1a5c30b7eb64cc5dd83042a2e6223327310db7ea98998,https://www.westdevon.gov.uk/developer-agreement,,,2021-12-31T11:11:12:10Z,,
69a63cf5c0fb931b8feb3841b62907094c0599a490e4f6e6b40e82a283a8231a,https://www.havant.gov.uk/developer-agreements-csv-94-kb,,,2021-12-31T11:11:12:12Z,,
043b92f4db06a68b8de3cf74f01327cfd40582c49d9652f9db36e4ef566edf29,https://www.southnorthants.gov.uk/download/downloads/id/7364/developer-agreement-20211213.csv,,,2021-12-31T11:11:12:16Z,,
450f93f25887ed07df4f266fd5c6c4c910d84ff6a0d37e71aa7edfe297c4dffe,https://www.southnorthants.gov.uk/download/downloads/id/7030/developer-agreement-20201221.csv,,,2021-12-31T11:11:12:19Z,,
e943119b9aba4960a75f6fb631dbbb8c82f56821f75acbd4f906e48e1f1cf1f5,https://sunderland.gov.uk/article/17799/Developer-agreement-CSV,,,2021-12-31T11:11:12:22Z,,
b07b8c73f63f66ded3794efb67a1a0d6d4e779ad90e292bd53c90ac02506a513,https://www.hart.gov.uk/sites/default/files/4_The_Council/Policies_and_published_documents/Planning_policy/developer-agreement-contribution_20201217.csv,,,2021-12-31T11:11:12:25Z,,
a5112b7ce09a6c6b46bd009d8fc6aedd6fc825a587485da4541efe97b6d45760,https://www.gateshead.gov.uk/media/30550/developer-agreement-contribution-20211030/excel/developer-agreement-contribution_20211030.csv?m=637733622694300000,,,2021-12-31T11:11:12:28Z,,
71ec538be4fe2d54759f186d043e56fa36b69c28a268f212c648d292c3843e39,https://www.harborough.gov.uk/download/downloads/id/6968/2020-21_developer_agreement_contributions_csv.csv,,,2021-12-31T11:11:12:32Z,,
df74cf1c725e3d723dd0b700f99e5234d248f4ff58cb3bed32ba2c424026028f,https://www.southlakeland.gov.uk/media/7780/developer-agreement-contribution_20211124.csv,,,2021-12-31T11:11:12:35Z,,
7ca11a7a2aa6ebb69e69f1b8bf873e6e3c6e442a323d4b566498f47607d7c711,https://exeter.gov.uk/media/5871/developer-agreement-contribution_20211201.xlsx,,,2021-12-31T11:11:12:38Z,,
8fb474cf0bfed64fa4522069ddbebc0c277f3c8c7169f76ae469b876f0fe2208,https://docs.tmbc.gov.uk/docs/s106/developer-agreement-contribution_20211201.csv,,,2021-12-31T11:11:12:41Z,,
4f2ddacf36a732f83ba9a682a8ec7e3032af7aff15b4a678ee0702e3d2f661d7,https://tunbridgewells.gov.uk/__data/assets/file/0007/377152/developer-agreement-contribution_20211203.csv,,,2021-12-31T11:11:12:45Z,,
fa2e36ea0a861ba0cfcd98a55e17a5c035c91d5d974248814abee4d3fcc26ee6,https://www.dartmoor.gov.uk/__data/assets/file/0008/410111/developer-agreement-contribution_20211214.csv,,,2021-12-31T11:11:12:48Z,,
f96729cdf5ed23e6f3a4b35efc8293c481867ecdf5032b83561c4dca374a5b9f,https://www.suffolk.gov.uk/assets/planning-waste-and-environment/planning-and-development-advice/S106-Planning-Obligations/developer-agreement-contribution-20211216.csv,,,2021-12-31T11:11:12:51Z,,
b896b1f173fdb99e60b7f01eebd2e4c92c6ee99e0dad9eec01920a8ae6630a21,https://www.salford.gov.uk/media/397469/developer-agreement-contribution_20211220.csv,,,2021-12-31T11:11:12:54Z,,
8b14037f37f5c2ee57491107f2c824b6e595273c6f09668aa012f4a005d8f596,https://www.coventry.gov.uk/download/downloads/id/37471/developer-agreement-contribution_20211224.csv,,,2021-12-31T11:11:12:58Z,,
2dab3bcb08d928c577aa57a3c90d4afbb8ec1563068fad7e5bd2e05a4a2e1c6c,https://www.cherwell.gov.uk/download/downloads/id/9861/developer-contributions-2019-20.csv,,,2021-12-31T11:11:13:01Z,,
8172a10b680fb65a7f96415133fe499243a88005cf761b26eb3d5244c9c34967,https://www.coventry.gov.uk/download/downloads/id/37475/developer-agreement-contribution_latest.csv,,,2021-12-31T11:11:13:04Z,,
a9d95b6ba58c1047ecf0611c08a47b61bcf33a752ab283009e55ba02534ec019,https://www.coventry.gov.uk/download/downloads/id/34828/csv2_developer_agreement_contributions.csv,,,2021-12-31T11:11:13:07Z,,
0babd7922eeb90f97b9e5b3e8d7f985ad8687689630eb3dd8ba1387fd0cce3c7,https://www.bolton.gov.uk/downloads/file/3206/developer-agreement-contribution,,,2021-12-31T11:11:13:11Z,,
5d467702f0650e72fbe5e5c73bf294e4e2aa63292c832012f46b6e9cf4493302,https://m.northlincs.gov.uk/public/s106/documents/developer-agreement-contribution%202020.21.csv,,,2021-12-31T11:11:13:15Z,,
8e78089325ae9aa83ac898bdac70b13f48c3867b3d310af4a9016b29c70c8c35,https://www.northlincs.gov.uk/wp-content/uploads/2020/12/developer-agreement-contribution.csv,,,2021-12-31T11:11:13:18Z,,
e9df4a4fc4c1ff265990ffe52f0a8ec1b41a261a37f27ae822d38314a58cbee8,https://www.hart.gov.uk/sites/default/files/4_The_Council/Policies_and_published_documents/Planning_policy/20-21%20developer-agreement-contribution_master.csv,,,2021-12-31T11:11:13:21Z,,
8ff17151953a4f908963f1ddeb2772a6ea148941d4b2c81cf680c2476714bbe3,https://www.newark-sherwooddc.gov.uk/media/nsdc-redesign/documents-and-images/your-council/planning-policy/other-planning-policy-information/infrastructure-to-support-growth/ifs-docs-2020x2f2021/CIL-developer-agreement-contribution_20210331.csv,,,2021-12-31T11:11:13:24Z,,
15b2a36d01fe33289b396626924fb49b3356d66148be2ed8b24d7d35b548a696,https://www.newark-sherwooddc.gov.uk/media/newark-and-sherwood/images-and-files/business/pdf/CIL-developer-agreement-contribution_20200331.csv,,,2021-12-31T11:11:13:28Z,,
7f70daa80f7d1b59579696a380f34ed742dffe8a9c4fd09f8ae7c20cdbef16f8,https://www.newark-sherwooddc.gov.uk/media/nsdc-redesign/documents-and-images/your-council/planning-policy/other-planning-policy-information/infrastructure-to-support-growth/ifs-docs-2020x2f2021/S106-developer-agreement-contribution_20210331.csv,,,2021-12-31T11:11:13:31Z,,
0a700de4ec18b5cd2f0788c5f05d09bc717873eb00437f778450fe0b881b89f5,https://www.newark-sherwooddc.gov.uk/media/newark-and-sherwood/images-and-files/business/pdf/S106-developer-agreement-contribution_20200331.csv,,,2021-12-31T11:11:13:35Z,,
d2850841ae6925fe58114a005b9c4a29c3573028a690a1e40f47cb8335db0760,https://www.easthants.gov.uk/csv2-developer-agreement-contribution-csv-200-kb,,,2021-12-31T11:11:13:38Z,,
2f2909ec6de55ca66337c94fecebcc9cf9158473da37cda71753e2f5217a03d6,https://www.hyndburnbc.gov.uk/download-package/section-106-agreements-s106-s-106/?wpdmdl=5555&ind=EPZKk08gujGfMDy-jjg26r5Psszp4OOsGUdg8-yV8MNWj4abfiOZEKaPkGa-55PSXBKsm5NxHBLu6hDrPmI21y0-nxCOk3TI1We5jq4Xb-U,,,2021-12-31T11:11:13:41Z,,
dc6f131eadf4073ba19daea59baf20180bad8f07fbcf507b1bf88b745356343b,https://www.dover.gov.uk/Planning/Planning-Policy-and-Regeneration/Authority-Monitoring-Report/IFS/CSV2-developer-agreement-contribution-2021-08-09-website-version.csv,,,2021-12-31T11:11:13:44Z,,
b94c887ba1079c67a45ba93ddace4b8b3e1085b216997700dcccb36c7f213000,https://www.rugby.gov.uk/download/downloads/id/3262/development_agreement_contributions_2020-2021.csv,,,2021-12-31T11:11:13:47Z,,
acd79e2e09f84bf8c0797da3b3bb736796a8f238b3e6bb4cc2cd0f93b9d42bf3,https://www.rugby.gov.uk/download/downloads/id/2698/developer_agreement_contributions_2019-2020.csv,,,2021-12-31T11:11:13:50Z,,
9e305d822145b3682650e5d679dc11f80a8e60a1a14fcbfd40f5d9bc437d6d87,https://cdn-eastherts.onwebcurl.com/s3fs-public/2021-11/East%20Herts%20Council%20-%20CVS%20File%202%20-%20developer-agreement-contribution_2020-21.xlsx,,,2021-12-31T11:11:13:53Z,,
7edf60b069e6a37ea6b06be72b86dcc0e999099cd92b93a97e762ba3f0c27b95,https://www.newforestnpa.gov.uk/app/uploads/2020/12/developer-agreement-contribution_20211206.csv,,,2021-12-31T11:11:13:56Z,,
0a2a40b746b3306a267fa6adef2f222c23b604317a973e0a3f671964ecbbe992,https://www.southhams.gov.uk/developer-agreement-contribution,,,2021-12-31T11:11:14:00Z,,
f977136f62c02148d667517cc923eaedba21db833a41e933b3c7957877ea5ab5,https://www.westdevon.gov.uk/developer-agreement-contribution,,,2021-12-31T11:11:14:03Z,,
4cb63bd2ea55b29275824ea1948d9bd2a0df3f173bdd014d4f84e6620da8a0c7,https://www.havant.gov.uk/developer-contributions-csv-175-kb,,,2021-12-31T11:11:14:05Z,,
bd7a13dbf7090089f620b37e900fcb8d281c85b661b75f13ced161bb6bdfc38c,https://www.southnorthants.gov.uk/download/downloads/id/7362/developer-agreement-contribution-20211213.csv,,,2021-12-31T11:11:14:08Z,,
f6f0f76c3e0c963b8899b552fae0ec4ee8c1c8119210faa10f238dc2bbdf08b9,https://www.southnorthants.gov.uk/download/downloads/id/7029/developer-agreement-contribution-20201221.csv,,,2021-12-31T11:11:14:11Z,,
91f67ff8088b672bc8171a630ee63ce650e6b35e299c9588b196c51d9a05ba2e,https://sunderland.gov.uk/article/17800/Developer-agreement-contribution-CSV,,,2021-12-31T11:11:14:14Z,,
ad5b569cebd9503989e03bc4b34ffb31ba1a2816ef26ca43af1fe98ce0559f33,https://www.hart.gov.uk/sites/default/files/4_The_Council/Policies_and_published_documents/Planning_policy/developer-agreement-transaction_20201217.csv,,,2021-12-31T11:11:14:17Z,,
bd9d32a772125a93b99f99923dcfae97c3b54361534d80041b44b1745e1cf5f1,https://www.gateshead.gov.uk/media/30551/developer-agreement-transaction-20211030/excel/developer-agreement-transaction_20211030.csv?m=637733622696630000,,,2021-12-31T11:11:14:20Z,,
154022993141255beb9d88d619caa0f29ec5a862c210ff6a96911f0150490b65,https://www.southlakeland.gov.uk/media/7781/developer-agreement-transaction_20211124.csv,,,2021-12-31T11:11:14:23Z,,
5a429317faba3975eae346fe6753036147f6afa60222114ff7c79d5494bfb2cf,https://exeter.gov.uk/media/5872/developer-agreement-transactions-_20211201.xlsx,,,2021-12-31T11:11:14:26Z,,
c167981a98a67355c15da0a5bc2cfcdaebbc7533a72f0bac04b4a395abd3a554,https://docs.tmbc.gov.uk/docs/s106/developer-agreement-transaction_20211201.csv,,,2021-12-31T11:11:14:29Z,,
73aee08899abcb6d8ec155744e48700d5b711891345ab1fe79afe372ae7bfd48,https://tunbridgewells.gov.uk/__data/assets/file/0008/377153/developer-agreement-transaction_20211203.csv,,,2021-12-31T11:11:14:32Z,,
c3707bd9f8bea45760b7a2fc317f2bb2e6c6da83affc3360e9c42e6f95d9ec64,https://www.dartmoor.gov.uk/__data/assets/file/0009/410112/developer-agreement-transaction_20211214.csv,,,2021-12-31T11:11:14:35Z,,
e003f71cc67f92e3fdf276bf5c4d7c3d0a687882fa9885c69f2b24fa256c5a4f,https://www.suffolk.gov.uk/assets/planning-waste-and-environment/planning-and-development-advice/S106-Planning-Obligations/developer-agreement-transaction-20211216.csv,,,2021-12-31T11:11:14:37Z,,
617ca0fad2172bf76c90c754d112dad9194c5018ff79b17136a234c024ffdd96,https://www.salford.gov.uk/media/397471/developer-agreement-transaction_20211220.csv,,,2021-12-31T11:11:14:40Z,,
323046bda27fe8856575a8cc3aa6895684dd6e7a5c0f34764f0e7b7de3688c87,https://www.coventry.gov.uk/download/downloads/id/37472/developer-agreement-transaction_20211224.csv,,,2021-12-31T11:11:14:43Z,,
024ebc4cbdfc2056c17bed6cb6a78a1bb44f90290f3ff579f1e5d774ce4a8722,https://www.cherwell.gov.uk/download/downloads/id/9862/developer-transactions-2019-20.csv,,,2021-12-31T11:11:14:47Z,,
066ee597b0526ddbe1d9bee406eab6ccf316055662be33c1fbacd4af859f528d,https://www.coventry.gov.uk/download/downloads/id/37476/developer-agreement-transaction_latest.csv,,,2021-12-31T11:11:14:50Z,,
1ae6b8cc4fab55aa8e23b51160c3e51b350eb8d44a04d6f9a367c10184f0606f,https://www.coventry.gov.uk/download/downloads/id/34829/csv3_developer_agreement_transactions.csv,,,2021-12-31T11:11:14:53Z,,
d1f89dbdbdea9e7ca577968bcdc52ab113b59e0abb61aba206b176f2ed88d2c9,https://www.bolton.gov.uk/downloads/file/3207/developer-agreement-transaction,,,2021-12-31T11:11:14:56Z,,
c404f16827cf6292298c70779fd3601066c2aa1850f3109ac647a129a126051c,https://m.northlincs.gov.uk/public/s106/documents/developer-agreement-transaction%202020.21.csv,,,2021-12-31T11:11:14:59Z,,
31594a177291d609857bb8b76738f437fb3f85dfb84f747abf049b754c875863,https://www.northlincs.gov.uk/wp-content/uploads/2020/12/developer-agreement-transaction.csv,,,2021-12-31T11:11:15:02Z,,
90e9c88955c7a2c493cf6eed40c3efbd78ffb7272b50e64e094fbebe9345830c,https://www.hart.gov.uk/sites/default/files/4_The_Council/Policies_and_published_documents/Planning_policy/20-21%20developer-agreement-transaction_master.csv,,,2021-12-31T11:11:15:05Z,,
2b852eb58c7e507ea6ad8c52fabc723ded45449309551d9273d2382ad1eaedfb,https://www.newark-sherwooddc.gov.uk/media/nsdc-redesign/documents-and-images/your-council/planning-policy/other-planning-policy-information/infrastructure-to-support-growth/ifs-docs-2020x2f2021/CIL-developer-agreement-transaction_2021331.csv,,,2021-12-31T11:11:15:08Z,,
58a0525e90b7a25fc9af1849c12f9754fa26bcb5c260a3ac11a2ce02db94f094,https://www.newark-sherwooddc.gov.uk/media/newark-and-sherwood/images-and-files/business/pdf/CIL-developer-agreement-transaction_2020331.csv,,,2021-12-31T11:11:15:12Z,,
7018f1d3172aaaa751bb9774e41ae874c32ccb0f5a7b17b96f9f37824c3dfd2b,https://www.newark-sherwooddc.gov.uk/media/nsdc-redesign/documents-and-images/your-council/planning-policy/other-planning-policy-information/infrastructure-to-support-growth/ifs-docs-2020x2f2021/S106-developer-agreement-transaction_20210331.csv,,,2021-12-31T11:11:15:15Z,,
b23ea90931531ab2ebf5bfe3206d86eba8ab2271660ac598e4400bc984d8e069,https://www.newark-sherwooddc.gov.uk/media/newark-and-sherwood/images-and-files/business/pdf/S106-developer-agreement-transaction_20200331.csv,,,2021-12-31T11:11:15:18Z,,
beab8a531ce9865ef9a01cf7c92c3530bf9ec3bf317f292187ad18420b7952d7,https://www.easthants.gov.uk/csv3-developer-transactions-csv-219-kb,,,2021-12-31T11:11:15:21Z,,
0a727e3c3844f988e6e8c63417e61db49e8940fbfa2ae6f3f0da86d4de80d8ac,https://www.hyndburnbc.gov.uk/download-package/section-106-agreements-s106-s-106/?wpdmdl=5555&ind=yCjdNsD2FvkQkv9d0y-TsWYpenjmRW9eJyHrYCUuEqiWI2lICbJ4l-t7hqfbv7koQCU5sd_ZLSXqWkamYCdrFMEYIt1sNaI4ZAAUzeXwnEQ,,,2021-12-31T11:11:15:25Z,,
11d0f9dae62103b91e42742f01f2e92e7ceb18690cb7b91f64eaeeabc81966c5,https://www.dover.gov.uk/Planning/Planning-Policy-and-Regeneration/Authority-Monitoring-Report/IFS/CSV3-developer-agreement-transaction-2021-07-28.csv,,,2021-12-31T11:11:15:27Z,,
1077a9616ecc3f9c5182e524def55e0be7c194bfe1df7fcb0a7a402b8ff134ba,https://www.rugby.gov.uk/download/downloads/id/3263/developer_agreement_transactions_2020-2021.csv,,,2021-12-31T11:11:15:31Z,,
a1922692337b04d7bac1a024aa5cbb6509892230213f75a7e6b1aa1d1462dfef,https://www.rugby.gov.uk/download/downloads/id/2699/developer_agreement_transactions_2019-2020.csv,,,2021-12-31T11:11:15:34Z,,
6e52eae630bad7d19c5b8ee2e4aa8b1a31c3cbb8aaf188d1ffb6f9d1ded6824e,https://cdn-eastherts.onwebcurl.com/s3fs-public/2021-11/East%20Herts%20Council%20-%20CVS%20File%203%20-%20developer-agreement-transaction_2020-21.xlsx,,,2021-12-31T11:11:15:37Z,,
34ef1379df513fb0b55919653336be6a534f9073482e060316fc4ae426f8fd45,https://www.newforestnpa.gov.uk/app/uploads/2020/12/developer-agreement-transaction_20211206.csv,,,2021-12-31T11:11:15:40Z,,
358b36017d6d1f35cf16a464dfea7c59e13cb4b064567f24a53e5eb0432abcff,https://www.southhams.gov.uk/developer-agreement-transaction,,,2021-12-31T11:11:15:44Z,,
dea3f68d5350af80275cdba06a93ad112d40c5acb1261ec4de40b8e6be4a24e5,https://www.westdevon.gov.uk/developer-agreement-transaction,,,2021-12-31T11:11:15:47Z,,
b7f8c7cc2a4df45afc9f4cd9f57573c3063dc9aa4739afe906191ab28b0dd88c,https://www.havant.gov.uk/developer-transactions-csv-160-kb,,,2021-12-31T11:11:15:50Z,,
125fb3f6a22aef73df6ea90ef4db2714d85c91cec3613f1d9d5dc1af1db099de,https://www.southnorthants.gov.uk/download/downloads/id/7363/developer-agreement-transaction-20211213.csv,,,2021-12-31T11:11:15:53Z,,
24c6e58b61392f3f73ab40498c77aa0c07d79944d3289a21f8ada26b7bc08dd7,https://www.southnorthants.gov.uk/download/downloads/id/7031/developer-agreement-transaction-20201221.csv,,,2021-12-31T11:11:15:56Z,,
0cf5fed4e9cdc4689b1735ffc7a3aaaae468099d722439a431ca5a596446b6bb,https://sunderland.gov.uk/article/17801/Developer-agreement-transaction-CSV,,,2021-12-31T11:11:16:00Z,,
87f05681b0fb5cdec493dbe474ab32bf42612e92d805643f0c65b946e1e90aa2,https://www.northyorkmoors.org.uk/__data/assets/file/0028/408916/developer-agreement_20211129.csv.csv,,,2022-01-04T11:11:46:15Z,,
afd5f4176bb544595dc93a119751dedb714cdc8ca9888515710ef6cc5f2d4a8f,https://www.northyorkmoors.org.uk/__data/assets/file/0027/408915/developer-agreement-contribution_20211129.csv.csv,,,2022-01-04T11:11:46:21Z,,
149c6da16579816b8c32dea881b3784a4d81982163313c2d8356f7eb3f7e1cdc,https://www.northyorkmoors.org.uk/__data/assets/file/0026/408914/developer-agreement-transactions_20211129.csv,,,2022-01-04T11:11:46:28Z,,
2ccb23e18a504b079a48c29594ef2e0c06c37a0dff60103b7801885ef1504d75,https://www.broxbourne.gov.uk/developer-agreements-20/21,,,2022-01-04T11:11:46:36Z,2021-11-23,
738e38db52cc3fbff22a98d2a409dae82febf0c8c0ba537922cadab5200ca1ba,http://www.broxbourne.gov.uk/developer-agreement-contribution-20/21,,,2022-01-04T11:11:46:40Z,2021-11-23,
99007affe9340413ac82b0b2482d242be1041501acf79e9581e5f690be6c952c,https://www.broxbourne.gov.uk/developer-agreement-transaction-19/20,,,2022-01-04T11:11:46:45Z,2020-11-23,
c5c958db0d03eb4b2a157122601567224239c0e8791b6f9c8a4b81ebd1e4bf81,https://my.northtyneside.gov.uk/sites/default/files/web-page-related-files/developer-agreement_1.csv,,,2022-01-04T11:11:46:48Z,,
03671eb3a3bf3a6d932458c62133d702802720baf3f3559c87c937d941ab4fdc,https://my.northtyneside.gov.uk/sites/default/files/web-page-related-files/developer-agreement-contribution_1.csv,,,2022-01-04T11:11:46:52Z,,
25749677204f89f38801b6003784e68364970f2680fdda8fd194abe8e6e492a7,https://my.northtyneside.gov.uk/sites/default/files/web-page-related-files/developer-agreement-transaction_1.csv,,,2022-01-04T11:11:46:55Z,,
0a9a3c4904e8eb53d4e6dc90ab208b93209c930e3a1ef2d3ed9f903c3ef7f482,https://www.iow.gov.uk/PlanningObligations/Download.ashx?type=Extract&extract=Agreements,,,2022-01-04T11:11:46:58Z,,
e6fbd61b44f686dfd55a324b35b494c0e8ecca549356a0bece6c93cc5090f035,https://www.iow.gov.uk/PlanningObligations/Download.ashx?type=Extract&extract=Transactions,,,2022-01-04T11:11:47:03Z,,
250a8993d95951dadcc6b6e36e797be2cd5e2c1825d2b5d6019297e5c4036ba7,http://www.broxbourne.gov.uk/developer-agreement-transaction-20/21,,,2022-01-04T11:11:49:40Z,2021-11-23,
f180ca6215ad3b6a290311adb278316efe4f471c715c05a02616c71d2549816e,https://www.broxbourne.gov.uk/developer-agreement-contributions-19/20,,,2022-01-04T11:11:51:05Z,2020-11-23,
843a67af0b701ec7e00e91f6d7550d48684d5a6e288d83ca051bb3a3e3b84188,https://www.broxbourne.gov.uk/developer-agreements-19/20,,,2022-01-04T11:11:51:10Z,2020-11-23,
ab5f9891cd4f8fdb4b5a70b17c6b5134d5a5de750f751f039de1000a2931cb95,https://www.iow.gov.uk/PlanningObligations/Download.ashx?type=Extract&extract=Contributions,,,2022-01-04T11:11:54:24Z,,
